{
  "thermal_mean": 15.55591869354248,
  "thermal_std": 10.219653129577637,
  "radar_mean": 78054.875,
  "radar_std": 514466.59375
}